condition,target_attack_prevalence,actual_train_attack_prevalence,train_rows,model,accuracy,balanced_accuracy,precision_attack,recall_attack,f1_attack,roc_auc,pr_auc,tn,fp,fn,tp
balanced_50_50,0.5,0.5,112000,logistic_regression,0.8360904630034495,0.8256304144080548,0.8038519536543931,0.9289905585458396,0.8619027639913631,0.9555299054900661,0.9668823359716648,26724,10276,3219,42113
balanced_50_50,0.5,0.5,112000,random_forest,0.9053102074527523,0.8990697723223975,0.8786313750806972,0.9607341392393894,0.917850368809273,0.9814599894829975,0.9851804087749818,30984,6016,1780,43552
balanced_50_50,0.5,0.5,112000,hist_gradient_boosting,0.9118811640674342,0.9057571550196628,0.8843909628702377,0.9662710667960822,0.9235196761577465,0.9854391534170719,0.9893148903084851,31274,5726,1529,43803
imbalanced_80_20,0.2,0.2,70000,logistic_regression,0.8736700189476753,0.8825723968034036,0.9706286545768101,0.7946042530662667,0.873840107710782,0.9546909342723117,0.9671185035069493,35910,1090,9311,36021
imbalanced_80_20,0.2,0.2,70000,random_forest,0.9284846718165476,0.9318280028903871,0.9690800114166112,0.8987911409159093,0.9326130745284746,0.9848453696571361,0.9885783190820681,35700,1300,4588,40744
imbalanced_80_20,0.2,0.2,70000,hist_gradient_boosting,0.9303794393431473,0.933610736166326,0.9697508896797153,0.9016809317921115,0.9344779497496628,0.9844902607429632,0.9886415792176827,35725,1275,4457,40875
imbalanced_90_10,0.1,0.09999678570280608,62222,logistic_regression,0.8427100034008648,0.8566333882634067,0.9934775982932033,0.7190505603105973,0.8342760615290112,0.9543538661311979,0.966924250231066,36786,214,12736,32596
imbalanced_90_10,0.1,0.09999678570280608,62222,random_forest,0.9204926395569158,0.9270194409533508,0.9920332876642818,0.862525368393188,0.9227574162792345,0.9841711496085339,0.9882558560979398,36686,314,6232,39100
imbalanced_90_10,0.1,0.09999678570280608,62222,hist_gradient_boosting,0.9187314774328329,0.9248041524273767,0.9858669684395825,0.8647974940439425,0.9213720812719602,0.9832805911223145,0.9877222930511846,36438,562,6129,39203
imbalanced_95_5,0.05,0.04999406246289039,58947,logistic_regression,0.8320337171452169,0.8473580085423815,0.9985756338429399,0.6959322333009794,0.8202274943126422,0.953751442212529,0.9663839580152153,36955,45,13784,31548
imbalanced_95_5,0.05,0.04999406246289039,58947,random_forest,0.9086260506243016,0.9168221088378593,0.9978667930789287,0.8358334068649078,0.9096911275704357,0.9846965615244643,0.9885293024864439,36919,81,7442,37890
imbalanced_95_5,0.05,0.04999406246289039,58947,hist_gradient_boosting,0.9086746344070349,0.9165557556144338,0.9946108567691302,0.8386790787964352,0.9100135237023828,0.9840633771621263,0.988225657404936,36794,206,7313,38019
